{
    "Version": "1.2",
    "Data": {
        "Source": "c:\\users\\james\\source\\repos\\project-phonebook-group-5\\phonebook\\types.h",
        "ProvidedModule": "",
        "Includes": [
            "c:\\program files (x86)\\windows kits\\10\\include\\10.0.26100.0\\ucrt\\stddef.h",
            "c:\\program files (x86)\\windows kits\\10\\include\\10.0.26100.0\\ucrt\\corecrt.h",
            "c:\\program files\\microsoft visual studio\\18\\community\\vc\\tools\\msvc\\14.50.35717\\include\\vcruntime.h",
            "c:\\program files\\microsoft visual studio\\18\\community\\vc\\tools\\msvc\\14.50.35717\\include\\sal.h",
            "c:\\program files\\microsoft visual studio\\18\\community\\vc\\tools\\msvc\\14.50.35717\\include\\concurrencysal.h",
            "c:\\program files\\microsoft visual studio\\18\\community\\vc\\tools\\msvc\\14.50.35717\\include\\vadefs.h"
        ],
        "ImportedModules": [],
        "ImportedHeaderUnits": []
    }
}