{
    "version": 1,
    "revision": 0,
    "rules": [
        {
            "primary-output": "x64\\Debug\\types.h.obj",
            "outputs": [
                "C:\\Users\\James\\source\\repos\\Project-Phonebook-Group-5\\Phonebook\\x64\\Debug\\vc145.pdb",
                "x64\\Debug\\",
                "C:\\Users\\James\\source\\repos\\Project-Phonebook-Group-5\\Phonebook\\x64\\Debug\\types.h.ifc"
            ],
            "provides": [
                {
                    "logical-name": "types.h",
                    "source-path": "c:\\users\\james\\source\\repos\\project-phonebook-group-5\\phonebook\\types.h",
                    "lookup-method": "absolute"
                }
            ],
            "requires": []
        }
    ]
}