{
    "version": 1,
    "revision": 0,
    "rules": [
        {
            "primary-output": "x64\\Debug\\types.obj",
            "outputs": [
                "x64\\Debug\\types.h_25AF9E34F872C0C7.ifc.dt.module.json",
                "x64\\Debug\\types.h_25AF9E34F872C0C7.ifc.dt.d.json",
                "x64\\Debug\\types.h.ifc"
            ],
            "provides": [
                {
                    "logical-name": "C:\\Users\\James\\source\\repos\\Project-Phonebook-Group-5\\Phonebook\\types.h",
                    "source-path": "c:\\users\\james\\source\\repos\\project-phonebook-group-5\\phonebook\\types.h",
                    "lookup-method": "absolute"
                }
            ],
            "requires": []
        }
    ]
}